Knot1,Knot2,Variant
m004,m004,reverse
m004,m004,mirror
m004,m004,reverse_mirror
m004,t11898,identity
m004,t11898,reverse
m004,t11898,mirror
m004,t11898,reverse_mirror
m015,m015,reverse
m015,t10416,identity
m015,t10416,reverse
m016,m016,reverse
m053,m053,reverse
m053,v3169,identity
m053,v3169,reverse
m053,o9_38364,identity
m053,o9_38364,reverse
m071,m071,reverse
m074,m074,reverse
m074,m074,mirror
m074,m074,reverse_mirror
m074,s239,identity
m074,s239,reverse
m074,s239,mirror
m074,s239,reverse_mirror
m074,t11441,identity
m074,t11441,reverse
m074,t11441,mirror
m074,t11441,reverse_mirror
m082,m082,reverse
m094,m094,reverse
m094,s648,mirror
m094,s648,reverse_mirror
m094,v2001,mirror
m094,v2001,reverse_mirror
m094,v2743,mirror
m094,v2743,reverse_mirror
m094,o9_40547,mirror
m094,o9_40547,reverse_mirror
m103,m103,reverse
m118,m118,reverse
m144,m144,reverse
m194,m194,reverse
m198,m198,reverse
m199,m199,reverse
m199,o9_34801,mirror
m199,o9_34801,reverse_mirror
m201,m201,reverse
m201,m201,mirror
m201,m201,reverse_mirror
m201,v0321,identity
m201,v0321,reverse
m201,v0321,mirror
m201,v0321,reverse_mirror
m201,o9_34818,identity
m201,o9_34818,reverse
m201,o9_34818,mirror
m201,o9_34818,reverse_mirror
m211,m211,reverse
m223,m223,reverse
m224,m224,reverse
m224,v3093,mirror
m224,v3093,reverse_mirror
m224,t11814,mirror
m224,t11814,reverse_mirror
m239,m239,reverse
m240,m240,reverse
m270,m270,reverse
m276,m276,reverse
m281,m281,reverse
m289,m289,reverse
m340,m340,reverse
m389,m389,reverse
s016,s016,reverse
s016,s016,mirror
s016,s016,reverse_mirror
s016,s726,identity
s016,s726,reverse
s016,s726,mirror
s016,s726,reverse_mirror
s016,o9_34700,identity
s016,o9_34700,reverse
s016,o9_34700,mirror
s016,o9_34700,reverse_mirror
s023,s023,reverse
s023,o9_31990,identity
s023,o9_31990,reverse
s042,s042,reverse
s068,s068,reverse
s086,s086,reverse
s104,s104,reverse
s114,s114,reverse
s114,v0082,mirror
s114,v0082,reverse_mirror
s114,v2215,identity
s114,v2215,reverse
s188,s188,reverse
s188,t00027,identity
s188,t00027,reverse
s188,t05074,mirror
s188,t05074,reverse_mirror
s188,o9_16874,mirror
s188,o9_16874,reverse_mirror
s188,o9_22337,identity
s188,o9_22337,reverse
s188,o9_39339,identity
s188,o9_39339,reverse
s188,o9_41995,mirror
s188,o9_41995,reverse_mirror
s188,o9_42258,mirror
s188,o9_42258,reverse_mirror
s188,o9_43874,identity
s188,o9_43874,reverse
s194,s194,reverse
s194,s194,mirror
s194,s194,reverse_mirror
s239,s239,reverse
s239,s239,mirror
s239,s239,reverse_mirror
s239,t00017,identity
s239,t00017,reverse
s239,t00017,mirror
s239,t00017,reverse_mirror
s239,t11441,identity
s239,t11441,reverse
s239,t11441,mirror
s239,t11441,reverse_mirror
s239,t12679,identity
s239,t12679,reverse
s239,t12679,mirror
s239,t12679,reverse_mirror
s239,o9_00017,identity
s239,o9_00017,reverse
s239,o9_00017,mirror
s239,o9_00017,reverse_mirror
s239,o9_24293,identity
s239,o9_24293,reverse
s239,o9_24293,mirror
s239,o9_24293,reverse_mirror
s239,o9_37768,identity
s239,o9_37768,reverse
s239,o9_37768,mirror
s239,o9_37768,reverse_mirror
s294,s294,reverse
s301,s301,reverse
s308,s308,reverse
s336,s336,reverse
s336,o9_29766,identity
s336,o9_29766,reverse
s344,s344,reverse
s346,s346,reverse
s346,o9_38287,identity
s346,o9_38287,reverse
s367,s367,reverse
s369,s369,reverse
s384,s384,reverse
s385,s385,reverse
s407,s407,reverse
s451,s451,reverse
s451,o9_40291,mirror
s451,o9_40291,reverse_mirror
s526,s526,reverse
s558,s558,reverse
s560,s560,reverse
s580,s580,reverse
s580,t09927,mirror
s580,t09927,reverse_mirror
s580,o9_09408,identity
s580,o9_09408,reverse
s582,s582,reverse
s648,s648,reverse
s648,v2001,identity
s648,v2001,reverse
s648,v2743,identity
s648,v2743,reverse
s648,o9_40547,identity
s648,o9_40547,reverse
s652,s652,reverse
s665,s665,reverse
s682,s682,reverse
s684,s684,reverse
s726,s726,reverse
s726,s726,mirror
s726,s726,reverse_mirror
s726,o9_34700,identity
s726,o9_34700,reverse
s726,o9_34700,mirror
s726,o9_34700,reverse_mirror
s769,s769,reverse
s800,s800,reverse
s836,s836,reverse
s836,s836,mirror
s836,s836,reverse_mirror
s841,s841,reverse
s849,s849,reverse
s862,s862,reverse
s870,s870,reverse
s912,s912,reverse
s912,s912,mirror
s912,s912,reverse_mirror
s912,o9_40568,identity
s912,o9_40568,reverse
s912,o9_40568,mirror
s912,o9_40568,reverse_mirror
v0016,v0016,reverse
v0016,v0016,mirror
v0016,v0016,reverse_mirror
v0016,v2257,identity
v0016,v2257,reverse
v0016,v2257,mirror
v0016,v2257,reverse_mirror
v0016,o9_37795,identity
v0016,o9_37795,reverse
v0016,o9_37795,mirror
v0016,o9_37795,reverse_mirror
v0025,v0025,reverse
v0025,v2284,mirror
v0025,v2284,reverse_mirror
v0025,o9_33067,identity
v0025,o9_33067,reverse
v0025,o9_34323,mirror
v0025,o9_34323,reverse_mirror
v0025,o9_41611,identity
v0025,o9_41611,reverse
v0082,v0082,reverse
v0082,v2215,mirror
v0082,v2215,reverse_mirror
v0114,v0114,reverse
v0114,t12753,identity
v0114,t12753,reverse
v0165,v0165,reverse
v0220,v0220,reverse
v0220,t05425,identity
v0220,t05425,reverse
v0220,t09580,identity
v0220,t09580,reverse
v0220,o9_24407,mirror
v0220,o9_24407,reverse_mirror
v0223,v0223,reverse
v0249,v0249,reverse
v0319,v0319,reverse
v0321,v0321,reverse
v0321,v0321,mirror
v0321,v0321,reverse_mirror
v0321,o9_34818,identity
v0321,o9_34818,reverse
v0321,o9_34818,mirror
v0321,o9_34818,reverse_mirror
v0329,v0329,reverse
v0329,o9_23786,identity
v0329,o9_23786,reverse
v0329,o9_29669,mirror
v0329,o9_29669,reverse_mirror
v0330,v0330,reverse
v0398,v0398,reverse
v0407,v0407,reverse
v0407,o9_40052,identity
v0407,o9_40052,reverse
v0424,v0424,reverse
v0434,v0434,reverse
v0497,v0497,reverse
v0497,t05390,identity
v0497,t05390,reverse
v0521,v0521,reverse
v0521,v0521,mirror
v0521,v0521,reverse_mirror
v0535,v0535,reverse
v0535,v0535,mirror
v0535,v0535,reverse_mirror
v0545,v0545,reverse
v0554,v0554,reverse
v0570,v0570,reverse
v0573,v0573,reverse
v0595,v0595,reverse
v0595,t06316,identity
v0595,t06316,reverse
v0595,t12120,mirror
v0595,t12120,reverse_mirror
v0595,o9_02163,mirror
v0595,o9_02163,reverse_mirror
v0600,v0600,reverse
v0656,v0656,reverse
v0656,o9_41388,mirror
v0656,o9_41388,reverse_mirror
v0707,v0707,reverse
v0709,v0709,reverse
v0715,v0715,reverse
v0740,v0740,reverse
v0740,v1832,mirror
v0740,v1832,reverse_mirror
v0740,o9_37751,identity
v0740,o9_37751,reverse
v0741,v0741,reverse
v0741,t01949,mirror
v0741,t01949,reverse_mirror
v0759,v0759,reverse
v0765,v0765,reverse
v0830,v0830,reverse
v0830,t07670,mirror
v0830,t07670,reverse_mirror
v0847,v0847,reverse
v0912,v0912,reverse
v0939,v0939,reverse
v0945,v0945,reverse
v0959,v0959,reverse
v0960,v0960,reverse
v1063,v1063,reverse
v1077,v1077,reverse
v1077,t02104,mirror
v1077,t02104,reverse_mirror
v1109,v1109,reverse
v1109,t04180,identity
v1109,t04180,reverse
v1126,v1126,reverse
v1217,v1217,reverse
v1243,v1243,reverse
v1269,v1269,reverse
v1300,v1300,reverse
v1348,v1348,reverse
v1348,o9_39266,mirror
v1348,o9_39266,reverse_mirror
v1359,v1359,reverse
v1392,v1392,reverse
v1423,v1423,reverse
v1425,v1425,reverse
v1434,v1434,reverse
v1547,v1547,reverse
v1565,v1565,reverse
v1620,v1620,reverse
v1628,v1628,reverse
v1690,v1690,reverse
v1709,v1709,reverse
v1716,v1716,reverse
v1718,v1718,reverse
v1728,v1728,reverse
v1810,v1810,reverse
v1811,v1811,reverse
v1832,v1832,reverse
v1832,o9_37751,mirror
v1832,o9_37751,reverse_mirror
v1839,v1839,reverse
v1839,o9_33585,identity
v1839,o9_33585,reverse
v1915,v1915,reverse
v1921,v1921,reverse
v1935,v1935,reverse
v1940,v1940,reverse
v1940,o9_04938,mirror
v1940,o9_04938,reverse_mirror
v1964,v1964,reverse
v1964,o9_43369,identity
v1964,o9_43369,reverse
v1966,v1966,reverse
v1966,t04003,identity
v1966,t04003,reverse
v1966,o9_29551,identity
v1966,o9_29551,reverse
v1980,v1980,reverse
v1986,v1986,reverse
v2001,v2001,reverse
v2001,v2743,identity
v2001,v2743,reverse
v2001,o9_40547,identity
v2001,o9_40547,reverse
v2024,v2024,reverse
v2024,t06246,mirror
v2024,t06246,reverse_mirror
v2024,o9_23461,mirror
v2024,o9_23461,reverse_mirror
v2090,v2090,reverse
v2166,v2166,reverse
v2166,o9_39519,identity
v2166,o9_39519,reverse
v2191,v2191,reverse
v2215,v2215,reverse
v2217,v2217,reverse
v2257,v2257,reverse
v2257,v2257,mirror
v2257,v2257,reverse_mirror
v2257,o9_37795,identity
v2257,o9_37795,reverse
v2257,o9_37795,mirror
v2257,o9_37795,reverse_mirror
v2284,v2284,reverse
v2284,o9_33067,mirror
v2284,o9_33067,reverse_mirror
v2284,o9_34323,identity
v2284,o9_34323,reverse
v2284,o9_41611,mirror
v2284,o9_41611,reverse_mirror
v2290,v2290,reverse
v2325,v2325,reverse
v2384,v2384,reverse
v2488,v2488,reverse
v2520,v2520,reverse
v2552,v2552,reverse
v2553,v2553,reverse
v2623,v2623,reverse
v2624,v2624,reverse
v2642,v2642,reverse
v2743,v2743,reverse
v2743,o9_40547,identity
v2743,o9_40547,reverse
v2759,v2759,reverse
v2851,v2851,reverse
v2858,v2858,reverse
v2869,v2869,reverse
v2869,v2869,mirror
v2869,v2869,reverse_mirror
v2869,t12388,identity
v2869,t12388,reverse
v2869,t12388,mirror
v2869,t12388,reverse_mirror
v2871,v2871,reverse
v2888,v2888,reverse
v2894,v2894,reverse
v2900,v2900,reverse
v2925,v2925,reverse
v2930,v2930,reverse
v3070,v3070,reverse
v3081,v3081,reverse
v3093,v3093,reverse
v3093,t11814,identity
v3093,t11814,reverse
v3105,v3105,reverse
v3169,v3169,reverse
v3169,o9_38364,identity
v3169,o9_38364,reverse
v3199,v3199,reverse
v3234,v3234,reverse
v3310,v3310,reverse
v3320,v3320,reverse
v3335,v3335,reverse
v3354,v3354,reverse
v3356,v3356,reverse
v3482,v3482,reverse
v3505,v3505,reverse
v3505,o9_37080,mirror
v3505,o9_37080,reverse_mirror
v3541,v3541,reverse
t00017,t00017,reverse
t00017,t00017,mirror
t00017,t00017,reverse_mirror
t00017,t11441,identity
t00017,t11441,reverse
t00017,t11441,mirror
t00017,t11441,reverse_mirror
t00017,o9_37768,identity
t00017,o9_37768,reverse
t00017,o9_37768,mirror
t00017,o9_37768,reverse_mirror
t00017,o9_41058,identity
t00017,o9_41058,reverse
t00017,o9_41058,mirror
t00017,o9_41058,reverse_mirror
t00027,t00027,reverse
t00027,t05074,mirror
t00027,t05074,reverse_mirror
t00027,o9_22337,identity
t00027,o9_22337,reverse
t00027,o9_39339,identity
t00027,o9_39339,reverse
t00027,o9_41995,mirror
t00027,o9_41995,reverse_mirror
t00027,o9_43874,identity
t00027,o9_43874,reverse
t00110,t00110,reverse
t00146,t00146,reverse
t00146,t05658,identity
t00146,t05658,reverse
t00324,t00324,reverse
t00423,t00423,reverse
t00434,t00434,reverse
t00550,t00550,reverse
t00565,t00565,reverse
t00577,t00577,reverse
t00577,t00577,mirror
t00577,t00577,reverse_mirror
t00621,t00621,reverse
t00729,t00729,reverse
t00787,t00787,reverse
t00826,t00826,reverse
t00826,o9_07195,mirror
t00826,o9_07195,reverse_mirror
t00855,t00855,reverse
t00873,t00873,reverse
t00932,t00932,reverse
t01033,t01033,reverse
t01033,t03566,mirror
t01033,t03566,reverse_mirror
t01037,t01037,reverse
t01037,o9_34000,identity
t01037,o9_34000,reverse
t01039,t01039,reverse
t01125,t01125,reverse
t01142,t01142,reverse
t01142,t01142,mirror
t01142,t01142,reverse_mirror
t01216,t01216,reverse
t01235,t01235,reverse
t01268,t01268,reverse
t01292,t01292,reverse
t01318,t01318,reverse
t01342,t01342,reverse
t01368,t01368,reverse
t01409,t01409,reverse
t01422,t01422,reverse
t01424,t01424,reverse
t01440,t01440,reverse
t01598,t01598,reverse
t01636,t01636,reverse
t01646,t01646,reverse
t01690,t01690,reverse
t01757,t01757,reverse
t01779,t01779,reverse
t01815,t01815,reverse
t01834,t01834,reverse
t01850,t01850,reverse
t01863,t01863,reverse
t01901,t01901,reverse
t01901,t01901,mirror
t01901,t01901,reverse_mirror
t01949,t01949,reverse
t01966,t01966,reverse
t02019,t02019,reverse
t02019,t02019,mirror
t02019,t02019,reverse_mirror
t02019,o9_16248,identity
t02019,o9_16248,reverse
t02019,o9_16248,mirror
t02019,o9_16248,reverse_mirror
t02069,t02069,reverse
t02069,t04507,mirror
t02069,t04507,reverse_mirror
t02069,t10930,mirror
t02069,t10930,reverse_mirror
t02069,o9_16874,identity
t02069,o9_16874,reverse
t02069,o9_22337,mirror
t02069,o9_22337,reverse_mirror
t02069,o9_22550,mirror
t02069,o9_22550,reverse_mirror
t02099,t02099,reverse
t02104,t02104,reverse
t02188,t02188,reverse
t02188,o9_28874,mirror
t02188,o9_28874,reverse_mirror
t02238,t02238,reverse
t02275,t02275,reverse
t02276,t02276,reverse
t02378,t02378,reverse
t02398,t02398,reverse
t02404,t02404,reverse
t02470,t02470,reverse
t02537,t02537,reverse
t02567,t02567,reverse
t02599,t02599,reverse
t02634,t02634,reverse
t02634,o9_11577,mirror
t02634,o9_11577,reverse_mirror
t02634,o9_36090,mirror
t02634,o9_36090,reverse_mirror
t02634,o9_42963,identity
t02634,o9_42963,reverse
t02639,t02639,reverse
t02789,t02789,reverse
t02795,t02795,reverse
t03106,t03106,reverse
t03566,t03566,reverse
t03592,t03592,reverse
t03607,t03607,reverse
t03608,t03608,reverse
t03608,t03608,mirror
t03608,t03608,reverse_mirror
t03608,t12270,identity
t03608,t12270,reverse
t03608,t12270,mirror
t03608,t12270,reverse_mirror
t03709,t03709,reverse
t03710,t03710,reverse
t03713,t03713,reverse
t03781,t03781,reverse
t03843,t03843,reverse
t03864,t03864,reverse
t03956,t03956,reverse
t03979,t03979,reverse
t03979,o9_28284,identity
t03979,o9_28284,reverse
t04003,t04003,reverse
t04003,o9_29551,identity
t04003,o9_29551,reverse
t04019,t04019,reverse
t04102,t04102,reverse
t04102,o9_22925,mirror
t04102,o9_22925,reverse_mirror
t04180,t04180,reverse
t04228,t04228,reverse
t04244,t04244,reverse
t04359,t04359,reverse
t04364,t04364,reverse
t04382,t04382,reverse
t04449,t04449,reverse
t04507,t04507,reverse
t04507,t10930,identity
t04507,t10930,reverse
t04507,o9_16874,mirror
t04507,o9_16874,reverse_mirror
t04507,o9_22337,identity
t04507,o9_22337,reverse
t04507,o9_22550,identity
t04507,o9_22550,reverse
t04557,t04557,reverse
t04651,t04651,reverse
t04721,t04721,reverse
t04756,t04756,reverse
t04875,t04875,reverse
t04927,t04927,reverse
t04928,t04928,reverse
t04986,t04986,reverse
t05074,t05074,reverse
t05074,o9_22337,mirror
t05074,o9_22337,reverse_mirror
t05074,o9_39339,mirror
t05074,o9_39339,reverse_mirror
t05074,o9_41995,identity
t05074,o9_41995,reverse
t05074,o9_43874,mirror
t05074,o9_43874,reverse_mirror
t05118,t05118,reverse
t05118,o9_01496,identity
t05118,o9_01496,reverse
t05118,o9_16748,mirror
t05118,o9_16748,reverse_mirror
t05239,t05239,reverse
t05252,t05252,reverse
t05252,t05252,mirror
t05252,t05252,reverse_mirror
t05252,t05899,identity
t05252,t05899,reverse
t05252,t05899,mirror
t05252,t05899,reverse_mirror
t05252,o9_19326,identity
t05252,o9_19326,reverse
t05252,o9_19326,mirror
t05252,o9_19326,reverse_mirror
t05252,o9_39285,identity
t05252,o9_39285,reverse
t05252,o9_39285,mirror
t05252,o9_39285,reverse_mirror
t05269,t05269,reverse
t05288,t05288,reverse
t05390,t05390,reverse
t05399,t05399,reverse
t05425,t05425,reverse
t05425,t09580,identity
t05425,t09580,reverse
t05425,o9_24407,mirror
t05425,o9_24407,reverse_mirror
t05426,t05426,reverse
t05538,t05538,reverse
t05538,t09690,mirror
t05538,t09690,reverse_mirror
t05538,o9_24779,identity
t05538,o9_24779,reverse
t05564,t05564,reverse
t05578,t05578,reverse
t05658,t05658,reverse
t05663,t05663,reverse
t05674,t05674,reverse
t05695,t05695,reverse
t05803,t05803,reverse
t05803,o9_00022,mirror
t05803,o9_00022,reverse_mirror
t05803,o9_24670,mirror
t05803,o9_24670,reverse_mirror
t05803,o9_40449,identity
t05803,o9_40449,reverse
t05899,t05899,reverse
t05899,t05899,mirror
t05899,t05899,reverse_mirror
t05899,o9_19326,identity
t05899,o9_19326,reverse
t05899,o9_19326,mirror
t05899,o9_19326,reverse_mirror
t05899,o9_39285,identity
t05899,o9_39285,reverse
t05899,o9_39285,mirror
t05899,o9_39285,reverse_mirror
t06001,t06001,reverse
t06119,t06119,reverse
t06161,t06161,reverse
t06246,t06246,reverse
t06246,o9_23461,identity
t06246,o9_23461,reverse
t06316,t06316,reverse
t06316,t12120,mirror
t06316,t12120,reverse_mirror
t06316,o9_02163,mirror
t06316,o9_02163,reverse_mirror
t06440,t06440,reverse
t06463,t06463,reverse
t06525,t06525,reverse
t06570,t06570,reverse
t06573,t06573,reverse
t06605,t06605,reverse
t06637,t06637,reverse
t06715,t06715,reverse
t06715,t09633,identity
t06715,t09633,reverse
t06925,t06925,reverse
t06957,t06957,reverse
t07070,t07070,reverse
t07070,o9_35376,mirror
t07070,o9_35376,reverse_mirror
t07094,t07094,reverse
t07104,t07104,reverse
t07123,t07123,reverse
t07168,t07168,reverse
t07348,t07348,reverse
t07355,t07355,reverse
t07412,t07412,reverse
t07487,t07487,reverse
t07550,t07550,reverse
t07579,t07579,reverse
t07658,t07658,reverse
t07670,t07670,reverse
t07682,t07682,reverse
t07682,o9_23094,identity
t07682,o9_23094,reverse
t07687,t07687,reverse
t07693,t07693,reverse
t07734,t07734,reverse
t07734,t07734,mirror
t07734,t07734,reverse_mirror
t07734,o9_36955,identity
t07734,o9_36955,reverse
t07734,o9_36955,mirror
t07734,o9_36955,reverse_mirror
t07734,o9_37768,identity
t07734,o9_37768,reverse
t07734,o9_37768,mirror
t07734,o9_37768,reverse_mirror
t07944,t07944,reverse
t07967,t07967,reverse
t07979,t07979,reverse
t08111,t08111,reverse
t08114,t08114,reverse
t08173,t08173,reverse
t08173,t10500,mirror
t08173,t10500,reverse_mirror
t08184,t08184,reverse
t08201,t08201,reverse
t08237,t08237,reverse
t08267,t08267,reverse
t08273,t08273,reverse
t08307,t08307,reverse
t08346,t08346,reverse
t08386,t08386,reverse
t08387,t08387,reverse
t08387,o9_40130,mirror
t08387,o9_40130,reverse_mirror
t08403,t08403,reverse
t08443,t08443,reverse
t08443,o9_34676,identity
t08443,o9_34676,reverse
t08508,t08508,reverse
t08532,t08532,reverse
t08576,t08576,reverse
t08767,t08767,reverse
t08838,t08838,reverse
t08898,t08898,reverse
t08917,t08917,reverse
t08936,t08936,reverse
t08967,t08967,reverse
t08967,t08967,mirror
t08967,t08967,reverse_mirror
t08973,t08973,reverse
t09016,t09016,reverse
t09126,t09126,reverse
t09218,t09218,reverse
t09267,t09267,reverse
t09279,t09279,reverse
t09284,t09284,reverse
t09313,t09313,reverse
t09359,t09359,reverse
t09450,t09450,reverse
t09455,t09455,reverse
t09500,t09500,reverse
t09580,t09580,reverse
t09580,o9_24407,mirror
t09580,o9_24407,reverse_mirror
t09612,t09612,reverse
t09613,t09613,reverse
t09613,o9_34743,mirror
t09613,o9_34743,reverse_mirror
t09633,t09633,reverse
t09690,t09690,reverse
t09690,o9_24779,mirror
t09690,o9_24779,reverse_mirror
t09704,t09704,reverse
t09734,t09734,reverse
t09734,o9_22337,mirror
t09734,o9_22337,reverse_mirror
t09734,o9_37485,mirror
t09734,o9_37485,reverse_mirror
t09735,t09735,reverse
t09735,t09735,mirror
t09735,t09735,reverse_mirror
t09735,t11748,identity
t09735,t11748,reverse
t09735,t11748,mirror
t09735,t11748,reverse_mirror
t09772,t09772,reverse
t09847,t09847,reverse
t09852,t09852,reverse
t09859,t09859,reverse
t09882,t09882,reverse
t09900,t09900,reverse
t09900,o9_34908,identity
t09900,o9_34908,reverse
t09900,o9_43876,identity
t09900,o9_43876,reverse
t09901,t09901,reverse
t09901,t09901,mirror
t09901,t09901,reverse_mirror
t09912,t09912,reverse
t09927,t09927,reverse
t09927,o9_09408,mirror
t09927,o9_09408,reverse_mirror
t09954,t09954,reverse
t10177,t10177,reverse
t10188,t10188,reverse
t10215,t10215,reverse
t10224,t10224,reverse
t10230,t10230,reverse
t10262,t10262,reverse
t10292,t10292,reverse
t10407,t10407,reverse
t10416,t10416,reverse
t10462,t10462,reverse
t10462,o9_00133,mirror
t10462,o9_00133,reverse_mirror
t10496,t10496,reverse
t10499,t10499,reverse
t10500,t10500,reverse
t10558,t10558,reverse
t10620,t10620,reverse
t10643,t10643,reverse
t10645,t10645,reverse
t10645,t10645,mirror
t10645,t10645,reverse_mirror
t10664,t10664,reverse
t10681,t10681,reverse
t10832,t10832,reverse
t10930,t10930,reverse
t10930,o9_16874,mirror
t10930,o9_16874,reverse_mirror
t10930,o9_22337,identity
t10930,o9_22337,reverse
t10930,o9_22550,identity
t10930,o9_22550,reverse
t10932,t10932,reverse
t10944,t10944,reverse
t10985,t10985,reverse
t10985,o9_18209,mirror
t10985,o9_18209,reverse_mirror
t11034,t11034,reverse
t11055,t11055,reverse
t11139,t11139,reverse
t11198,t11198,reverse
t11291,t11291,reverse
t11291,o9_37732,identity
t11291,o9_37732,reverse
t11292,t11292,reverse
t11333,t11333,reverse
t11376,t11376,reverse
t11402,t11402,reverse
t11402,t12344,mirror
t11402,t12344,reverse_mirror
t11402,t12376,identity
t11402,t12376,reverse
t11402,t12757,identity
t11402,t12757,reverse
t11402,o9_40522,mirror
t11402,o9_40522,reverse_mirror
t11402,o9_42258,mirror
t11402,o9_42258,reverse_mirror
t11402,o9_42607,mirror
t11402,o9_42607,reverse_mirror
t11402,o9_42714,identity
t11402,o9_42714,reverse
t11402,o9_43730,identity
t11402,o9_43730,reverse
t11402,o9_43874,identity
t11402,o9_43874,reverse
t11441,t11441,reverse
t11441,t11441,mirror
t11441,t11441,reverse_mirror
t11441,t12679,identity
t11441,t12679,reverse
t11441,t12679,mirror
t11441,t12679,reverse_mirror
t11441,o9_00017,identity
t11441,o9_00017,reverse
t11441,o9_00017,mirror
t11441,o9_00017,reverse_mirror
t11441,o9_24293,identity
t11441,o9_24293,reverse
t11441,o9_24293,mirror
t11441,o9_24293,reverse_mirror
t11441,o9_37768,identity
t11441,o9_37768,reverse
t11441,o9_37768,mirror
t11441,o9_37768,reverse_mirror
t11460,t11460,reverse
t11462,t11462,reverse
t11462,t11462,mirror
t11462,t11462,reverse_mirror
t11489,t11489,reverse
t11489,o9_30018,identity
t11489,o9_30018,reverse
t11497,t11497,reverse
t11548,t11548,reverse
t11556,t11556,reverse
t11558,t11558,reverse
t11618,t11618,reverse
t11675,t11675,reverse
t11748,t11748,reverse
t11748,t11748,mirror
t11748,t11748,reverse_mirror
t11751,t11751,reverse
t11752,t11752,reverse
t11795,t11795,reverse
t11798,t11798,reverse
t11799,t11799,reverse
t11814,t11814,reverse
t11852,t11852,reverse
t11887,t11887,reverse
t11888,t11888,reverse
t11898,t11898,reverse
t11898,t11898,mirror
t11898,t11898,reverse_mirror
t11900,t11900,reverse
t11900,o9_40803,mirror
t11900,o9_40803,reverse_mirror
t11909,t11909,reverse
t12120,t12120,reverse
t12120,o9_02163,identity
t12120,o9_02163,reverse
t12154,t12154,reverse
t12180,t12180,reverse
t12198,t12198,reverse
t12199,t12199,reverse
t12229,t12229,reverse
t12247,t12247,reverse
t12270,t12270,reverse
t12270,t12270,mirror
t12270,t12270,reverse_mirror
t12271,t12271,reverse
t12271,t12271,mirror
t12271,t12271,reverse_mirror
t12288,t12288,reverse
t12308,t12308,reverse
t12344,t12344,reverse
t12344,t12376,mirror
t12344,t12376,reverse_mirror
t12344,t12757,mirror
t12344,t12757,reverse_mirror
t12344,o9_40522,identity
t12344,o9_40522,reverse
t12344,o9_42258,identity
t12344,o9_42258,reverse
t12344,o9_42607,identity
t12344,o9_42607,reverse
t12344,o9_42714,mirror
t12344,o9_42714,reverse_mirror
t12344,o9_43730,mirror
t12344,o9_43730,reverse_mirror
t12344,o9_43874,mirror
t12344,o9_43874,reverse_mirror
t12350,t12350,reverse
t12376,t12376,reverse
t12376,t12757,identity
t12376,t12757,reverse
t12376,o9_40522,mirror
t12376,o9_40522,reverse_mirror
t12376,o9_42258,mirror
t12376,o9_42258,reverse_mirror
t12376,o9_42607,mirror
t12376,o9_42607,reverse_mirror
t12376,o9_42714,identity
t12376,o9_42714,reverse
t12376,o9_43730,identity
t12376,o9_43730,reverse
t12376,o9_43874,identity
t12376,o9_43874,reverse
t12388,t12388,reverse
t12388,t12388,mirror
t12388,t12388,reverse_mirror
t12395,t12395,reverse
t12456,t12456,reverse
t12533,t12533,reverse
t12656,t12656,reverse
t12656,t12656,mirror
t12656,t12656,reverse_mirror
t12656,o9_40485,identity
t12656,o9_40485,reverse
t12656,o9_40485,mirror
t12656,o9_40485,reverse_mirror
t12679,t12679,reverse
t12679,t12679,mirror
t12679,t12679,reverse_mirror
t12681,t12681,reverse
t12753,t12753,reverse
t12755,t12755,reverse
t12755,o9_21697,identity
t12755,o9_21697,reverse
t12756,t12756,reverse
t12757,t12757,reverse
t12757,o9_40522,mirror
t12757,o9_40522,reverse_mirror
t12757,o9_42258,mirror
t12757,o9_42258,reverse_mirror
t12757,o9_42607,mirror
t12757,o9_42607,reverse_mirror
t12757,o9_42714,identity
t12757,o9_42714,reverse
t12757,o9_43730,identity
t12757,o9_43730,reverse
t12757,o9_43874,identity
t12757,o9_43874,reverse
o9_00017,o9_00017,reverse
o9_00017,o9_00017,mirror
o9_00017,o9_00017,reverse_mirror
o9_00017,o9_24293,identity
o9_00017,o9_24293,reverse
o9_00017,o9_24293,mirror
o9_00017,o9_24293,reverse_mirror
o9_00022,o9_00022,reverse
o9_00022,o9_24670,identity
o9_00022,o9_24670,reverse
o9_00022,o9_40449,mirror
o9_00022,o9_40449,reverse_mirror
o9_00133,o9_00133,reverse
o9_00168,o9_00168,reverse
o9_00168,o9_12757,mirror
o9_00168,o9_12757,reverse_mirror
o9_00644,o9_00644,reverse
o9_00797,o9_00797,reverse
o9_00797,o9_13433,identity
o9_00797,o9_13433,reverse
o9_00815,o9_00815,reverse
o9_01024,o9_01024,reverse
o9_01024,o9_01024,mirror
o9_01024,o9_01024,reverse_mirror
o9_01035,o9_01035,reverse
o9_01079,o9_01079,reverse
o9_01175,o9_01175,reverse
o9_01436,o9_01436,reverse
o9_01496,o9_01496,reverse
o9_01496,o9_16748,mirror
o9_01496,o9_16748,reverse_mirror
o9_01584,o9_01584,reverse
o9_01621,o9_01621,reverse
o9_01680,o9_01680,reverse
o9_01680,o9_12144,mirror
o9_01680,o9_12144,reverse_mirror
o9_01765,o9_01765,reverse
o9_01936,o9_01936,reverse
o9_01953,o9_01953,reverse
o9_01955,o9_01955,reverse
o9_02030,o9_02030,reverse
o9_02030,o9_02030,mirror
o9_02030,o9_02030,reverse_mirror
o9_02163,o9_02163,reverse
o9_02255,o9_02255,reverse
o9_02340,o9_02340,reverse
o9_02350,o9_02350,reverse
o9_02383,o9_02383,reverse
o9_02386,o9_02386,reverse
o9_02471,o9_02471,reverse
o9_02559,o9_02559,reverse
o9_02559,o9_40245,mirror
o9_02559,o9_40245,reverse_mirror
o9_02655,o9_02655,reverse
o9_02655,o9_28153,identity
o9_02655,o9_28153,reverse
o9_02696,o9_02696,reverse
o9_02706,o9_02706,reverse
o9_02735,o9_02735,reverse
o9_02772,o9_02772,reverse
o9_02772,o9_04060,identity
o9_02772,o9_04060,reverse
o9_02786,o9_02786,reverse
o9_02794,o9_02794,reverse
o9_02873,o9_02873,reverse
o9_02909,o9_02909,reverse
o9_03032,o9_03032,reverse
o9_03108,o9_03108,reverse
o9_03118,o9_03118,reverse
o9_03133,o9_03133,reverse
o9_03149,o9_03149,reverse
o9_03162,o9_03162,reverse
o9_03162,o9_09808,mirror
o9_03162,o9_09808,reverse_mirror
o9_03188,o9_03188,reverse
o9_03278,o9_03278,reverse
o9_03288,o9_03288,reverse
o9_03288,o9_03586,mirror
o9_03288,o9_03586,reverse_mirror
o9_03313,o9_03313,reverse
o9_03412,o9_03412,reverse
o9_03420,o9_03420,reverse
o9_03526,o9_03526,reverse
o9_03586,o9_03586,reverse
o9_03597,o9_03597,reverse
o9_03622,o9_03622,reverse
o9_03802,o9_03802,reverse
o9_03833,o9_03833,reverse
o9_03862,o9_03862,reverse
o9_03932,o9_03932,reverse
o9_04037,o9_04037,reverse
o9_04037,o9_04037,mirror
o9_04037,o9_04037,reverse_mirror
o9_04054,o9_04054,reverse
o9_04060,o9_04060,reverse
o9_04106,o9_04106,reverse
o9_04139,o9_04139,reverse
o9_04139,o9_04139,mirror
o9_04139,o9_04139,reverse_mirror
o9_04139,o9_37768,reverse
o9_04205,o9_04205,reverse
o9_04245,o9_04245,reverse
o9_04269,o9_04269,reverse
o9_04313,o9_04313,reverse
o9_04431,o9_04431,reverse
o9_04435,o9_04435,reverse
o9_04438,o9_04438,reverse
o9_04938,o9_04938,reverse
o9_04950,o9_04950,reverse
o9_05021,o9_05021,reverse
o9_05028,o9_05028,reverse
o9_05177,o9_05177,reverse
o9_05229,o9_05229,reverse
o9_05286,o9_05286,reverse
o9_05287,o9_05287,reverse
o9_05357,o9_05357,reverse
o9_05426,o9_05426,reverse
o9_05483,o9_05483,reverse
o9_05562,o9_05562,reverse
o9_05564,o9_05564,reverse
o9_05618,o9_05618,reverse
o9_05624,o9_05624,reverse
o9_05860,o9_05860,reverse
o9_05970,o9_05970,reverse
o9_06060,o9_06060,reverse
o9_06128,o9_06128,reverse
o9_06154,o9_06154,reverse
o9_06248,o9_06248,reverse
o9_06301,o9_06301,reverse
o9_06369,o9_06369,reverse
o9_06393,o9_06393,reverse
o9_06956,o9_06956,reverse
o9_07044,o9_07044,reverse
o9_07152,o9_07152,reverse
o9_07167,o9_07167,reverse
o9_07195,o9_07195,reverse
o9_07401,o9_07401,reverse
o9_07674,o9_07674,reverse
o9_07761,o9_07761,reverse
o9_07790,o9_07790,reverse
o9_07893,o9_07893,reverse
o9_07943,o9_07943,reverse
o9_07945,o9_07945,reverse
o9_08006,o9_08006,reverse
o9_08042,o9_08042,reverse
o9_08160,o9_08160,reverse
o9_08179,o9_08179,reverse
o9_08224,o9_08224,reverse
o9_08268,o9_08268,reverse
o9_08280,o9_08280,reverse
o9_08302,o9_08302,reverse
o9_08402,o9_08402,reverse
o9_08477,o9_08477,reverse
o9_08497,o9_08497,reverse
o9_08647,o9_08647,reverse
o9_08765,o9_08765,reverse
o9_08767,o9_08767,reverse
o9_08771,o9_08771,reverse
o9_08776,o9_08776,reverse
o9_08828,o9_08828,reverse
o9_08831,o9_08831,reverse
o9_08852,o9_08852,reverse
o9_08875,o9_08875,reverse
o9_09052,o9_09052,reverse
o9_09213,o9_09213,reverse
o9_09214,o9_09214,reverse
o9_09271,o9_09271,reverse
o9_09372,o9_09372,reverse
o9_09408,o9_09408,reverse
o9_09465,o9_09465,reverse
o9_09486,o9_09486,reverse
o9_09530,o9_09530,reverse
o9_09530,o9_28207,mirror
o9_09530,o9_28207,reverse_mirror
o9_09530,o9_28929,identity
o9_09530,o9_28929,reverse
o9_09648,o9_09648,reverse
o9_09731,o9_09731,reverse
o9_09808,o9_09808,reverse
o9_10020,o9_10020,reverse
o9_10192,o9_10192,reverse
o9_10213,o9_10213,reverse
o9_10288,o9_10288,reverse
o9_10598,o9_10598,reverse
o9_10654,o9_10654,reverse
o9_10654,o9_13141,identity
o9_10654,o9_13141,reverse
o9_10654,o9_19831,identity
o9_10654,o9_19831,reverse
o9_10696,o9_10696,reverse
o9_10817,o9_10817,reverse
o9_10817,o9_10817,mirror
o9_10817,o9_10817,reverse_mirror
o9_11002,o9_11002,reverse
o9_11100,o9_11100,reverse
o9_11161,o9_11161,reverse
o9_11248,o9_11248,reverse
o9_11270,o9_11270,reverse
o9_11288,o9_11288,reverse
o9_11413,o9_11413,reverse
o9_11467,o9_11467,reverse
o9_11490,o9_11490,reverse
o9_11537,o9_11537,reverse
o9_11541,o9_11541,reverse
o9_11556,o9_11556,reverse
o9_11560,o9_11560,reverse
o9_11570,o9_11570,reverse
o9_11577,o9_11577,reverse
o9_11577,o9_36090,identity
o9_11577,o9_36090,reverse
o9_11577,o9_42963,mirror
o9_11577,o9_42963,reverse_mirror
o9_11658,o9_11658,reverse
o9_11685,o9_11685,reverse
o9_11795,o9_11795,reverse
o9_11845,o9_11845,reverse
o9_11999,o9_11999,reverse
o9_12079,o9_12079,reverse
o9_12144,o9_12144,reverse
o9_12230,o9_12230,reverse
o9_12253,o9_12253,reverse
o9_12412,o9_12412,reverse
o9_12459,o9_12459,reverse
o9_12477,o9_12477,reverse
o9_12519,o9_12519,reverse
o9_12693,o9_12693,reverse
o9_12736,o9_12736,reverse
o9_12757,o9_12757,reverse
o9_12773,o9_12773,reverse
o9_12797,o9_12797,reverse
o9_12873,o9_12873,reverse
o9_12892,o9_12892,reverse
o9_12919,o9_12919,reverse
o9_12971,o9_12971,reverse
o9_13052,o9_13052,reverse
o9_13054,o9_13054,reverse
o9_13056,o9_13056,reverse
o9_13125,o9_13125,reverse
o9_13126,o9_13126,reverse
o9_13136,o9_13136,reverse
o9_13141,o9_13141,reverse
o9_13141,o9_19831,identity
o9_13141,o9_19831,reverse
o9_13182,o9_13182,reverse
o9_13188,o9_13188,reverse
o9_13240,o9_13240,reverse
o9_13273,o9_13273,reverse
o9_13273,o9_13273,mirror
o9_13273,o9_13273,reverse_mirror
o9_13342,o9_13342,reverse
o9_13400,o9_13400,reverse
o9_13403,o9_13403,reverse
o9_13433,o9_13433,reverse
o9_13508,o9_13508,reverse
o9_13537,o9_13537,reverse
o9_13604,o9_13604,reverse
o9_13638,o9_13638,reverse
o9_13639,o9_13639,reverse
o9_13649,o9_13649,reverse
o9_13666,o9_13666,reverse
o9_13720,o9_13720,reverse
o9_13732,o9_13732,reverse
o9_13952,o9_13952,reverse
o9_14018,o9_14018,reverse
o9_14079,o9_14079,reverse
o9_14108,o9_14108,reverse
o9_14136,o9_14136,reverse
o9_14359,o9_14359,reverse
o9_14364,o9_14364,reverse
o9_14376,o9_14376,reverse
o9_14495,o9_14495,reverse
o9_14599,o9_14599,reverse
o9_14716,o9_14716,reverse
o9_14831,o9_14831,reverse
o9_14974,o9_14974,reverse
o9_15506,o9_15506,reverse
o9_15633,o9_15633,reverse
o9_15808,o9_15808,reverse
o9_15997,o9_15997,reverse
o9_16033,o9_16033,reverse
o9_16065,o9_16065,reverse
o9_16141,o9_16141,reverse
o9_16157,o9_16157,reverse
o9_16181,o9_16181,reverse
o9_16248,o9_16248,reverse
o9_16248,o9_16248,mirror
o9_16248,o9_16248,reverse_mirror
o9_16319,o9_16319,reverse
o9_16356,o9_16356,reverse
o9_16431,o9_16431,reverse
o9_16514,o9_16514,reverse
o9_16527,o9_16527,reverse
o9_16642,o9_16642,reverse
o9_16685,o9_16685,reverse
o9_16748,o9_16748,reverse
o9_16874,o9_16874,reverse
o9_16874,o9_22337,mirror
o9_16874,o9_22337,reverse_mirror
o9_16874,o9_41995,identity
o9_16874,o9_41995,reverse
o9_16874,o9_43874,mirror
o9_16874,o9_43874,reverse_mirror
o9_16920,o9_16920,reverse
o9_16941,o9_16941,reverse
o9_16959,o9_16959,reverse
o9_16991,o9_16991,reverse
o9_17382,o9_17382,reverse
o9_17388,o9_17388,reverse
o9_17450,o9_17450,reverse
o9_17646,o9_17646,reverse
o9_18007,o9_18007,reverse
o9_18054,o9_18054,reverse
o9_18181,o9_18181,reverse
o9_18209,o9_18209,reverse
o9_18341,o9_18341,reverse
o9_18633,o9_18633,reverse
o9_18646,o9_18646,reverse
o9_18813,o9_18813,reverse
o9_18905,o9_18905,reverse
o9_18946,o9_18946,reverse
o9_19031,o9_19031,reverse
o9_19031,o9_19031,mirror
o9_19031,o9_19031,reverse_mirror
o9_19130,o9_19130,reverse
o9_19130,o9_37941,mirror
o9_19130,o9_37941,reverse_mirror
o9_19200,o9_19200,reverse
o9_19247,o9_19247,reverse
o9_19326,o9_19326,reverse
o9_19326,o9_19326,mirror
o9_19326,o9_19326,reverse_mirror
o9_19326,o9_39285,identity
o9_19326,o9_39285,reverse
o9_19326,o9_39285,mirror
o9_19326,o9_39285,reverse_mirror
o9_19364,o9_19364,reverse
o9_19396,o9_19396,reverse
o9_19645,o9_19645,reverse
o9_19660,o9_19660,reverse
o9_19721,o9_19721,reverse
o9_19724,o9_19724,reverse
o9_19831,o9_19831,reverse
o9_20029,o9_20029,reverse
o9_20180,o9_20180,reverse
o9_20219,o9_20219,reverse
o9_20305,o9_20305,reverse
o9_20364,o9_20364,reverse
o9_20397,o9_20397,reverse
o9_20472,o9_20472,reverse
o9_20617,o9_20617,reverse
o9_20656,o9_20656,reverse
o9_20956,o9_20956,reverse
o9_21066,o9_21066,reverse
o9_21103,o9_21103,reverse
o9_21116,o9_21116,reverse
o9_21195,o9_21195,reverse
o9_21236,o9_21236,reverse
o9_21496,o9_21496,reverse
o9_21513,o9_21513,reverse
o9_21545,o9_21545,reverse
o9_21620,o9_21620,reverse
o9_21697,o9_21697,reverse
o9_21704,o9_21704,reverse
o9_21722,o9_21722,reverse
o9_21786,o9_21786,reverse
o9_21893,o9_21893,reverse
o9_21905,o9_21905,reverse
o9_21918,o9_21918,reverse
o9_21918,o9_33959,mirror
o9_21918,o9_33959,reverse_mirror
o9_21927,o9_21927,reverse
o9_21958,o9_21958,reverse
o9_21992,o9_21992,reverse
o9_22100,o9_22100,reverse
o9_22129,o9_22129,reverse
o9_22148,o9_22148,reverse
o9_22182,o9_22182,reverse
o9_22199,o9_22199,reverse
o9_22252,o9_22252,reverse
o9_22266,o9_22266,reverse
o9_22337,o9_22337,reverse
o9_22337,o9_22550,identity
o9_22337,o9_22550,reverse
o9_22337,o9_39339,identity
o9_22337,o9_39339,reverse
o9_22337,o9_41995,mirror
o9_22337,o9_41995,reverse_mirror
o9_22337,o9_42258,mirror
o9_22337,o9_42258,reverse_mirror
o9_22337,o9_43874,identity
o9_22337,o9_43874,reverse
o9_22477,o9_22477,reverse
o9_22550,o9_22550,reverse
o9_22607,o9_22607,reverse
o9_22663,o9_22663,reverse
o9_22698,o9_22698,reverse
o9_22790,o9_22790,reverse
o9_22883,o9_22883,reverse
o9_22925,o9_22925,reverse
o9_22951,o9_22951,reverse
o9_22951,o9_22951,mirror
o9_22951,o9_22951,reverse_mirror
o9_23023,o9_23023,reverse
o9_23032,o9_23032,reverse
o9_23069,o9_23069,reverse
o9_23094,o9_23094,reverse
o9_23147,o9_23147,reverse
o9_23147,o9_23147,mirror
o9_23147,o9_23147,reverse_mirror
o9_23178,o9_23178,reverse
o9_23179,o9_23179,reverse
o9_23263,o9_23263,reverse
o9_23461,o9_23461,reverse
o9_23571,o9_23571,reverse
o9_23646,o9_23646,reverse
o9_23660,o9_23660,reverse
o9_23723,o9_23723,reverse
o9_23786,o9_23786,reverse
o9_23786,o9_29669,mirror
o9_23786,o9_29669,reverse_mirror
o9_23955,o9_23955,reverse
o9_23961,o9_23961,reverse
o9_23971,o9_23971,reverse
o9_23977,o9_23977,reverse
o9_24030,o9_24030,reverse
o9_24047,o9_24047,reverse
o9_24069,o9_24069,reverse
o9_24126,o9_24126,reverse
o9_24149,o9_24149,reverse
o9_24183,o9_24183,reverse
o9_24290,o9_24290,reverse
o9_24293,o9_24293,reverse
o9_24293,o9_24293,mirror
o9_24293,o9_24293,reverse_mirror
o9_24401,o9_24401,reverse
o9_24407,o9_24407,reverse
o9_24510,o9_24510,reverse
o9_24518,o9_24518,reverse
o9_24534,o9_24534,reverse
o9_24592,o9_24592,reverse
o9_24667,o9_24667,reverse
o9_24670,o9_24670,reverse
o9_24670,o9_40449,mirror
o9_24670,o9_40449,reverse_mirror
o9_24779,o9_24779,reverse
o9_24886,o9_24886,reverse
o9_24889,o9_24889,reverse
o9_24946,o9_24946,reverse
o9_25096,o9_25096,reverse
o9_25106,o9_25106,reverse
o9_25110,o9_25110,reverse
o9_25199,o9_25199,reverse
o9_25199,o9_35831,mirror
o9_25199,o9_35831,reverse_mirror
o9_25283,o9_25283,reverse
o9_25341,o9_25341,reverse
o9_25345,o9_25345,reverse
o9_25444,o9_25444,reverse
o9_25595,o9_25595,reverse
o9_25709,o9_25709,reverse
o9_25709,o9_32044,mirror
o9_25709,o9_32044,reverse_mirror
o9_25832,o9_25832,reverse
o9_25878,o9_25878,reverse
o9_26120,o9_26120,reverse
o9_26141,o9_26141,reverse
o9_26170,o9_26170,reverse
o9_26471,o9_26471,reverse
o9_26570,o9_26570,reverse
o9_26604,o9_26604,reverse
o9_26767,o9_26767,reverse
o9_26774,o9_26774,reverse
o9_26791,o9_26791,reverse
o9_26913,o9_26913,reverse
o9_27046,o9_27046,reverse
o9_27079,o9_27079,reverse
o9_27107,o9_27107,reverse
o9_27155,o9_27155,reverse
o9_27165,o9_27165,reverse
o9_27165,o9_27165,mirror
o9_27165,o9_27165,reverse_mirror
o9_27215,o9_27215,reverse
o9_27243,o9_27243,reverse
o9_27261,o9_27261,reverse
o9_27286,o9_27286,reverse
o9_27371,o9_27371,reverse
o9_27392,o9_27392,reverse
o9_27429,o9_27429,reverse
o9_27480,o9_27480,reverse
o9_27542,o9_27542,reverse
o9_27542,o9_27542,mirror
o9_27542,o9_27542,reverse_mirror
o9_27542,o9_33568,identity
o9_27542,o9_33568,reverse
o9_27542,o9_33568,mirror
o9_27542,o9_33568,reverse_mirror
o9_27737,o9_27737,reverse
o9_27767,o9_27767,reverse
o9_27889,o9_27889,reverse
o9_27893,o9_27893,reverse
o9_28070,o9_28070,reverse
o9_28113,o9_28113,reverse
o9_28149,o9_28149,reverse
o9_28153,o9_28153,reverse
o9_28207,o9_28207,reverse
o9_28207,o9_28929,mirror
o9_28207,o9_28929,reverse_mirror
o9_28230,o9_28230,reverse
o9_28284,o9_28284,reverse
o9_28354,o9_28354,reverse
o9_28529,o9_28529,reverse
o9_28592,o9_28592,reverse
o9_28622,o9_28622,reverse
o9_28746,o9_28746,reverse
o9_28751,o9_28751,reverse
o9_28810,o9_28810,reverse
o9_28874,o9_28874,reverse
o9_28929,o9_28929,reverse
o9_29048,o9_29048,reverse
o9_29141,o9_29141,reverse
o9_29246,o9_29246,reverse
o9_29278,o9_29278,reverse
o9_29367,o9_29367,reverse
o9_29436,o9_29436,reverse
o9_29484,o9_29484,reverse
o9_29529,o9_29529,reverse
o9_29551,o9_29551,reverse
o9_29648,o9_29648,reverse
o9_29662,o9_29662,reverse
o9_29662,o9_29662,mirror
o9_29662,o9_29662,reverse_mirror
o9_29669,o9_29669,reverse
o9_29698,o9_29698,reverse
o9_29751,o9_29751,reverse
o9_29766,o9_29766,reverse
o9_29799,o9_29799,reverse
o9_29916,o9_29916,reverse
o9_29972,o9_29972,reverse
o9_30018,o9_30018,reverse
o9_30040,o9_30040,reverse
o9_30087,o9_30087,reverse
o9_30087,o9_30087,mirror
o9_30087,o9_30087,reverse_mirror
o9_30142,o9_30142,reverse
o9_30147,o9_30147,reverse
o9_30150,o9_30150,reverse
o9_30281,o9_30281,reverse
o9_30324,o9_30324,reverse
o9_30375,o9_30375,reverse
o9_30499,o9_30499,reverse
o9_30502,o9_30502,reverse
o9_30542,o9_30542,reverse
o9_30542,o9_30542,mirror
o9_30542,o9_30542,reverse_mirror
o9_30564,o9_30564,reverse
o9_30634,o9_30634,reverse
o9_30650,o9_30650,reverse
o9_30696,o9_30696,reverse
o9_30721,o9_30721,reverse
o9_30790,o9_30790,reverse
o9_30978,o9_30978,reverse
o9_31036,o9_31036,reverse
o9_31042,o9_31042,reverse
o9_31165,o9_31165,reverse
o9_31228,o9_31228,reverse
o9_31267,o9_31267,reverse
o9_31294,o9_31294,reverse
o9_31310,o9_31310,reverse
o9_31321,o9_31321,reverse
o9_31430,o9_31430,reverse
o9_31440,o9_31440,reverse
o9_31472,o9_31472,reverse
o9_31481,o9_31481,reverse
o9_31692,o9_31692,reverse
o9_31868,o9_31868,reverse
o9_31935,o9_31935,reverse
o9_31955,o9_31955,reverse
o9_31967,o9_31967,reverse
o9_31990,o9_31990,reverse
o9_32028,o9_32028,reverse
o9_32044,o9_32044,reverse
o9_32065,o9_32065,reverse
o9_32132,o9_32132,reverse
o9_32150,o9_32150,reverse
o9_32208,o9_32208,reverse
o9_32257,o9_32257,reverse
o9_32314,o9_32314,reverse
o9_32471,o9_32471,reverse
o9_32570,o9_32570,reverse
o9_32588,o9_32588,reverse
o9_32687,o9_32687,reverse
o9_32739,o9_32739,reverse
o9_32964,o9_32964,reverse
o9_32994,o9_32994,reverse
o9_33067,o9_33067,reverse
o9_33067,o9_34323,mirror
o9_33067,o9_34323,reverse_mirror
o9_33067,o9_41611,identity
o9_33067,o9_41611,reverse
o9_33111,o9_33111,reverse
o9_33112,o9_33112,reverse
o9_33189,o9_33189,reverse
o9_33262,o9_33262,reverse
o9_33263,o9_33263,reverse
o9_33284,o9_33284,reverse
o9_33363,o9_33363,reverse
o9_33380,o9_33380,reverse
o9_33430,o9_33430,reverse
o9_33432,o9_33432,reverse
o9_33452,o9_33452,reverse
o9_33452,o9_38975,mirror
o9_33452,o9_38975,reverse_mirror
o9_33470,o9_33470,reverse
o9_33486,o9_33486,reverse
o9_33526,o9_33526,reverse
o9_33529,o9_33529,reverse
o9_33568,o9_33568,reverse
o9_33568,o9_33568,mirror
o9_33568,o9_33568,reverse_mirror
o9_33585,o9_33585,reverse
o9_33783,o9_33783,reverse
o9_33801,o9_33801,reverse
o9_33833,o9_33833,reverse
o9_33833,o9_33833,mirror
o9_33833,o9_33833,reverse_mirror
o9_33833,o9_37547,identity
o9_33833,o9_37547,reverse
o9_33833,o9_37547,mirror
o9_33833,o9_37547,reverse_mirror
o9_33834,o9_33834,reverse
o9_33944,o9_33944,reverse
o9_33950,o9_33950,reverse
o9_33959,o9_33959,reverse
o9_33966,o9_33966,reverse
o9_33967,o9_33967,reverse
o9_33967,o9_33967,mirror
o9_33967,o9_33967,reverse_mirror
o9_33967,o9_40024,identity
o9_33967,o9_40024,reverse
o9_33967,o9_40024,mirror
o9_33967,o9_40024,reverse_mirror
o9_34000,o9_34000,reverse
o9_34097,o9_34097,reverse
o9_34182,o9_34182,reverse
o9_34316,o9_34316,reverse
o9_34323,o9_34323,reverse
o9_34323,o9_41611,mirror
o9_34323,o9_41611,reverse_mirror
o9_34336,o9_34336,reverse
o9_34379,o9_34379,reverse
o9_34403,o9_34403,reverse
o9_34409,o9_34409,reverse
o9_34450,o9_34450,reverse
o9_34561,o9_34561,reverse
o9_34625,o9_34625,reverse
o9_34671,o9_34671,reverse
o9_34676,o9_34676,reverse
o9_34689,o9_34689,reverse
o9_34700,o9_34700,reverse
o9_34700,o9_34700,mirror
o9_34700,o9_34700,reverse_mirror
o9_34743,o9_34743,reverse
o9_34801,o9_34801,reverse
o9_34818,o9_34818,reverse
o9_34818,o9_34818,mirror
o9_34818,o9_34818,reverse_mirror
o9_34908,o9_34908,reverse
o9_34908,o9_43876,identity
o9_34908,o9_43876,reverse
o9_35003,o9_35003,reverse
o9_35090,o9_35090,reverse
o9_35320,o9_35320,reverse
o9_35376,o9_35376,reverse
o9_35549,o9_35549,reverse
o9_35666,o9_35666,reverse
o9_35678,o9_35678,reverse
o9_35682,o9_35682,reverse
o9_35720,o9_35720,reverse
o9_35736,o9_35736,reverse
o9_35772,o9_35772,reverse
o9_35778,o9_35778,reverse
o9_35831,o9_35831,reverse
o9_35928,o9_35928,reverse
o9_35997,o9_35997,reverse
o9_35998,o9_35998,reverse
o9_35998,o9_41980,mirror
o9_35998,o9_41980,reverse_mirror
o9_36089,o9_36089,reverse
o9_36090,o9_36090,reverse
o9_36090,o9_42963,mirror
o9_36090,o9_42963,reverse_mirror
o9_36114,o9_36114,reverse
o9_36215,o9_36215,reverse
o9_36250,o9_36250,reverse
o9_36258,o9_36258,reverse
o9_36259,o9_36259,reverse
o9_36297,o9_36297,reverse
o9_36320,o9_36320,reverse
o9_36380,o9_36380,reverse
o9_36411,o9_36411,reverse
o9_36435,o9_36435,reverse
o9_36544,o9_36544,reverse
o9_36696,o9_36696,reverse
o9_36697,o9_36697,reverse
o9_36809,o9_36809,reverse
o9_36811,o9_36811,reverse
o9_36873,o9_36873,reverse
o9_36955,o9_36955,reverse
o9_36955,o9_36955,mirror
o9_36955,o9_36955,reverse_mirror
o9_36955,o9_37768,identity
o9_36955,o9_37768,reverse
o9_36955,o9_37768,mirror
o9_36955,o9_37768,reverse_mirror
o9_36958,o9_36958,reverse
o9_37005,o9_37005,reverse
o9_37028,o9_37028,reverse
o9_37050,o9_37050,reverse
o9_37080,o9_37080,reverse
o9_37142,o9_37142,reverse
o9_37162,o9_37162,reverse
o9_37291,o9_37291,reverse
o9_37482,o9_37482,reverse
o9_37485,o9_37485,reverse
o9_37547,o9_37547,reverse
o9_37547,o9_37547,mirror
o9_37547,o9_37547,reverse_mirror
o9_37551,o9_37551,reverse
o9_37563,o9_37563,reverse
o9_37685,o9_37685,reverse
o9_37731,o9_37731,reverse
o9_37732,o9_37732,reverse
o9_37751,o9_37751,reverse
o9_37754,o9_37754,reverse
o9_37761,o9_37761,reverse
o9_37768,o9_37768,reverse
o9_37768,o9_37768,mirror
o9_37768,o9_37768,reverse_mirror
o9_37768,o9_41058,identity
o9_37768,o9_41058,reverse
o9_37768,o9_41058,mirror
o9_37768,o9_41058,reverse_mirror
o9_37768,o9_43592,reverse
o9_37768,o9_43592,mirror
o9_37795,o9_37795,reverse
o9_37795,o9_37795,mirror
o9_37795,o9_37795,reverse_mirror
o9_37851,o9_37851,reverse
o9_37876,o9_37876,reverse
o9_37891,o9_37891,reverse
o9_37895,o9_37895,reverse
o9_37941,o9_37941,reverse
o9_38014,o9_38014,reverse
o9_38014,o9_38014,mirror
o9_38014,o9_38014,reverse_mirror
o9_38190,o9_38190,reverse
o9_38287,o9_38287,reverse
o9_38344,o9_38344,reverse
o9_38364,o9_38364,reverse
o9_38471,o9_38471,reverse
o9_38560,o9_38560,reverse
o9_38598,o9_38598,reverse
o9_38623,o9_38623,reverse
o9_38639,o9_38639,reverse
o9_38639,o9_38681,mirror
o9_38639,o9_38681,reverse_mirror
o9_38639,o9_43608,mirror
o9_38639,o9_43608,reverse_mirror
o9_38679,o9_38679,reverse
o9_38681,o9_38681,reverse
o9_38681,o9_43608,identity
o9_38681,o9_43608,reverse
o9_38702,o9_38702,reverse
o9_38780,o9_38780,reverse
o9_38811,o9_38811,reverse
o9_38928,o9_38928,reverse
o9_38945,o9_38945,reverse
o9_38975,o9_38975,reverse
o9_38989,o9_38989,reverse
o9_39162,o9_39162,reverse
o9_39163,o9_39163,reverse
o9_39266,o9_39266,reverse
o9_39277,o9_39277,reverse
o9_39277,o9_39277,mirror
o9_39277,o9_39277,reverse_mirror
o9_39285,o9_39285,reverse
o9_39285,o9_39285,mirror
o9_39285,o9_39285,reverse_mirror
o9_39339,o9_39339,reverse
o9_39339,o9_41995,mirror
o9_39339,o9_41995,reverse_mirror
o9_39339,o9_43874,identity
o9_39339,o9_43874,reverse
o9_39369,o9_39369,reverse
o9_39394,o9_39394,reverse
o9_39395,o9_39395,reverse
o9_39430,o9_39430,reverse
o9_39451,o9_39451,reverse
o9_39519,o9_39519,reverse
o9_39521,o9_39521,reverse
o9_39551,o9_39551,reverse
o9_39591,o9_39591,reverse
o9_39592,o9_39592,reverse
o9_39606,o9_39606,reverse
o9_39608,o9_39608,reverse
o9_39746,o9_39746,reverse
o9_39746,o9_39746,mirror
o9_39746,o9_39746,reverse_mirror
o9_39754,o9_39754,reverse
o9_39859,o9_39859,reverse
o9_39879,o9_39879,reverse
o9_39887,o9_39887,reverse
o9_39887,o9_42296,identity
o9_39887,o9_42296,reverse
o9_39926,o9_39926,reverse
o9_39973,o9_39973,reverse
o9_39974,o9_39974,reverse
o9_39981,o9_39981,reverse
o9_40024,o9_40024,reverse
o9_40024,o9_40024,mirror
o9_40024,o9_40024,reverse_mirror
o9_40026,o9_40026,reverse
o9_40052,o9_40052,reverse
o9_40063,o9_40063,reverse
o9_40064,o9_40064,reverse
o9_40073,o9_40073,reverse
o9_40075,o9_40075,reverse
o9_40076,o9_40076,reverse
o9_40081,o9_40081,reverse
o9_40130,o9_40130,reverse
o9_40154,o9_40154,reverse
o9_40171,o9_40171,reverse
o9_40179,o9_40179,reverse
o9_40192,o9_40192,reverse
o9_40215,o9_40215,reverse
o9_40245,o9_40245,reverse
o9_40284,o9_40284,reverse
o9_40291,o9_40291,reverse
o9_40363,o9_40363,reverse
o9_40390,o9_40390,reverse
o9_40449,o9_40449,reverse
o9_40484,o9_40484,reverse
o9_40484,o9_40484,mirror
o9_40484,o9_40484,reverse_mirror
o9_40485,o9_40485,reverse
o9_40485,o9_40485,mirror
o9_40485,o9_40485,reverse_mirror
o9_40487,o9_40487,reverse
o9_40504,o9_40504,reverse
o9_40522,o9_40522,reverse
o9_40522,o9_42258,identity
o9_40522,o9_42258,reverse
o9_40522,o9_42607,identity
o9_40522,o9_42607,reverse
o9_40522,o9_42714,mirror
o9_40522,o9_42714,reverse_mirror
o9_40522,o9_43730,mirror
o9_40522,o9_43730,reverse_mirror
o9_40522,o9_43874,mirror
o9_40522,o9_43874,reverse_mirror
o9_40547,o9_40547,reverse
o9_40568,o9_40568,reverse
o9_40568,o9_40568,mirror
o9_40568,o9_40568,reverse_mirror
o9_40582,o9_40582,reverse
o9_40803,o9_40803,reverse
o9_40901,o9_40901,reverse
o9_41058,o9_41058,reverse
o9_41058,o9_41058,mirror
o9_41058,o9_41058,reverse_mirror
o9_41144,o9_41144,reverse
o9_41263,o9_41263,reverse
o9_41372,o9_41372,reverse
o9_41388,o9_41388,reverse
o9_41428,o9_41428,reverse
o9_41610,o9_41610,reverse
o9_41611,o9_41611,reverse
o9_41621,o9_41621,reverse
o9_41633,o9_41633,reverse
o9_41677,o9_41677,reverse
o9_41678,o9_41678,reverse
o9_41980,o9_41980,reverse
o9_41995,o9_41995,reverse
o9_41995,o9_42258,identity
o9_41995,o9_42258,reverse
o9_41995,o9_43874,mirror
o9_41995,o9_43874,reverse_mirror
o9_42189,o9_42189,reverse
o9_42190,o9_42190,reverse
o9_42220,o9_42220,reverse
o9_42220,o9_42220,mirror
o9_42220,o9_42220,reverse_mirror
o9_42224,o9_42224,reverse
o9_42258,o9_42258,reverse
o9_42258,o9_42607,identity
o9_42258,o9_42607,reverse
o9_42258,o9_42714,mirror
o9_42258,o9_42714,reverse_mirror
o9_42258,o9_43730,mirror
o9_42258,o9_43730,reverse_mirror
o9_42258,o9_43874,mirror
o9_42258,o9_43874,reverse_mirror
o9_42277,o9_42277,reverse
o9_42296,o9_42296,reverse
o9_42320,o9_42320,reverse
o9_42352,o9_42352,reverse
o9_42411,o9_42411,reverse
o9_42429,o9_42429,reverse
o9_42430,o9_42430,reverse
o9_42467,o9_42467,reverse
o9_42493,o9_42493,reverse
o9_42511,o9_42511,reverse
o9_42511,o9_42511,mirror
o9_42511,o9_42511,reverse_mirror
o9_42607,o9_42607,reverse
o9_42607,o9_42714,mirror
o9_42607,o9_42714,reverse_mirror
o9_42607,o9_43730,mirror
o9_42607,o9_43730,reverse_mirror
o9_42607,o9_43874,mirror
o9_42607,o9_43874,reverse_mirror
o9_42660,o9_42660,reverse
o9_42660,o9_42660,mirror
o9_42660,o9_42660,reverse_mirror
o9_42675,o9_42675,reverse
o9_42714,o9_42714,reverse
o9_42714,o9_43730,identity
o9_42714,o9_43730,reverse
o9_42714,o9_43874,identity
o9_42714,o9_43874,reverse
o9_42757,o9_42757,reverse
o9_42936,o9_42936,reverse
o9_42942,o9_42942,reverse
o9_42960,o9_42960,reverse
o9_42961,o9_42961,reverse
o9_42963,o9_42963,reverse
o9_42973,o9_42973,reverse
o9_42974,o9_42974,reverse
o9_42999,o9_42999,reverse
o9_43001,o9_43001,reverse
o9_43197,o9_43197,reverse
o9_43197,o9_43197,mirror
o9_43197,o9_43197,reverse_mirror
o9_43369,o9_43369,reverse
o9_43443,o9_43443,reverse
o9_43481,o9_43481,reverse
o9_43481,o9_43481,mirror
o9_43481,o9_43481,reverse_mirror
o9_43566,o9_43566,reverse
o9_43567,o9_43567,reverse
o9_43592,o9_43592,reverse
o9_43592,o9_43592,mirror
o9_43592,o9_43592,reverse_mirror
o9_43607,o9_43607,reverse
o9_43608,o9_43608,reverse
o9_43609,o9_43609,reverse
o9_43649,o9_43649,reverse
o9_43679,o9_43679,reverse
o9_43730,o9_43730,reverse
o9_43730,o9_43874,identity
o9_43730,o9_43874,reverse
o9_43750,o9_43750,reverse
o9_43759,o9_43759,reverse
o9_43760,o9_43760,reverse
o9_43771,o9_43771,reverse
o9_43778,o9_43778,reverse
o9_43857,o9_43857,reverse
o9_43859,o9_43859,reverse
o9_43874,o9_43874,reverse
o9_43876,o9_43876,reverse
o9_43946,o9_43946,reverse
o9_43953,o9_43953,reverse
o9_44048,o9_44048,reverse
o9_44054,o9_44054,reverse
o9_44057,o9_44057,reverse
o9_44184,o9_44184,reverse
